{"format_version":"2.0","frame_count":1225,"variables":[{"name":"a","values":[0.0,0.25,0.5,0.75,1.0,1.25,1.5,1.75,2.0,2.25,2.5,2.75,3.0,3.25,3.5,3.75,4.0,4.25,4.5,4.75,5.0,5.25,5.5,5.75,6.0],"min":0.0,"max":6.0,"steps":25},{"name":"b","values":[-5.0,-4.791666666666667,-4.583333333333333,-4.375,-4.166666666666667,-3.958333333333333,-3.75,-3.5416666666666665,-3.333333333333333,-3.125,-2.9166666666666665,-2.708333333333333,-2.5,-2.2916666666666665,-2.083333333333333,-1.875,-1.6666666666666665,-1.458333333333333,-1.25,-1.0416666666666665,-0.833333333333333,-0.625,-0.4166666666666661,-0.20833333333333304,0.0,0.20833333333333393,0.41666666666666696,0.625,0.8333333333333339,1.041666666666667,1.25,1.458333333333334,1.666666666666667,1.875,2.083333333333334,2.291666666666667,2.5,2.708333333333334,2.916666666666667,3.125,3.333333333333334,3.541666666666668,3.75,3.958333333333334,4.166666666666668,4.375,4.583333333333334,4.791666666666668,5.0],"min":-5.0,"max":5.0,"steps":49}],"lengths":[25,49],"strides":[49,1],"initial_indices":[4,34]}