{"format_version":"2.0","frame_count":4096,"variables":[{"name":"a","values":[0.0,0.07936507936507936,0.15873015873015872,0.23809523809523808,0.31746031746031744,0.3968253968253968,0.47619047619047616,0.5555555555555556,0.6349206349206349,0.7142857142857142,0.7936507936507936,0.873015873015873,0.9523809523809523,1.0317460317460316,1.1111111111111112,1.1904761904761905,1.2698412698412698,1.349206349206349,1.4285714285714284,1.507936507936508,1.5873015873015872,1.6666666666666665,1.746031746031746,1.8253968253968254,1.9047619047619047,1.984126984126984,2.0634920634920633,2.142857142857143,2.2222222222222223,2.3015873015873014,2.380952380952381,2.46031746031746,2.5396825396825395,2.619047619047619,2.698412698412698,2.7777777777777777,2.8571428571428568,2.9365079365079363,3.015873015873016,3.095238095238095,3.1746031746031744,3.253968253968254,3.333333333333333,3.4126984126984126,3.492063492063492,3.571428571428571,3.6507936507936507,3.73015873015873,3.8095238095238093,3.888888888888889,3.968253968253968,4.0476190476190474,4.1269841269841265,4.2063492063492065,4.285714285714286,4.365079365079365,4.444444444444445,4.523809523809524,4.603174603174603,4.682539682539682,4.761904761904762,4.841269841269841,4.92063492063492,5.0],"min":0.0,"max":5.0,"steps":64},{"name":"b","values":[0.01,0.0892063492063492,0.16841269841269843,0.24761904761904763,0.32682539682539685,0.4060317460317461,0.48523809523809525,0.5644444444444445,0.6436507936507937,0.7228571428571429,0.8020634920634921,0.8812698412698413,0.9604761904761905,1.0396825396825398,1.118888888888889,1.198095238095238,1.2773015873015874,1.3565079365079367,1.4357142857142857,1.514920634920635,1.5941269841269843,1.6733333333333333,1.7525396825396826,1.831746031746032,1.910952380952381,1.9901587301587302,2.0693650793650793,2.1485714285714286,2.227777777777778,2.3069841269841267,2.386190476190476,2.4653968253968253,2.5446031746031745,2.623809523809524,2.703015873015873,2.7822222222222224,2.861428571428571,2.9406349206349205,3.0198412698412698,3.099047619047619,3.1782539682539683,3.2574603174603176,3.3366666666666664,3.4158730158730157,3.495079365079365,3.5742857142857143,3.6534920634920636,3.732698412698413,3.8119047619047617,3.891111111111111,3.9703174603174602,4.0495238095238095,4.128730158730159,4.207936507936508,4.287142857142857,4.366349206349207,4.445555555555556,4.524761904761905,4.603968253968254,4.683174603174603,4.762380952380952,4.841587301587301,4.920793650793651,5.0],"min":0.01,"max":5.0,"steps":64}],"lengths":[64,64],"strides":[64,1],"initial_indices":[13,25]}