{"format_version":"2.0","frame_count":256,"variables":[{"name":"a","values":[0.0,0.3333333333333333,0.6666666666666666,1.0,1.3333333333333333,1.6666666666666665,2.0,2.333333333333333,2.6666666666666665,3.0,3.333333333333333,3.6666666666666665,4.0,4.333333333333333,4.666666666666666,5.0],"min":0.0,"max":5.0,"steps":16},{"name":"b","values":[0.01,0.3426666666666667,0.6753333333333333,1.008,1.3406666666666667,1.6733333333333333,2.006,2.3386666666666667,2.671333333333333,3.0039999999999996,3.3366666666666664,3.6693333333333333,4.002,4.334666666666666,4.667333333333334,5.0],"min":0.01,"max":5.0,"steps":16}],"lengths":[16,16],"strides":[16,1],"initial_indices":[3,6]}