{"format_version":"2.0","frame_count":325,"variables":[{"name":"a","values":[0.0,0.5,1.0,1.5,2.0,2.5,3.0,3.5,4.0,4.5,5.0,5.5,6.0],"min":0.0,"max":6.0,"steps":13},{"name":"b","values":[-5.0,-4.583333333333333,-4.166666666666667,-3.75,-3.333333333333333,-2.9166666666666665,-2.5,-2.083333333333333,-1.6666666666666665,-1.25,-0.833333333333333,-0.4166666666666661,0.0,0.41666666666666696,0.8333333333333339,1.25,1.666666666666667,2.083333333333334,2.5,2.916666666666667,3.333333333333334,3.75,4.166666666666668,4.583333333333334,5.0],"min":-5.0,"max":5.0,"steps":25}],"lengths":[13,25],"strides":[25,1],"initial_indices":[2,17]}